epoch_num,train_epoch_loss,uw_val_epoch_loss,val_epoch_loss,iou_loss,giou_loss,diou_loss,ciou_loss,center_loss,size_loss,obj_loss,precision,recall,f1_score,average_precision,true_positives,false_positives,false_negatives
,0,7.930545330047607,1.132934808731079,0.9973990321159363,1.9659240245819092,1.9071658849716187,1.9087297916412354,0.008614118210971355,0.0013519491767510772,1.1413606405258179,0.77119341563786,0.7407114624505929,0.7556451612903226,0.6925188133544364,937,278,328
